Al;Ca;Fe ;K ;Mg;Na;Ag ;As ;Ba;Cd ;Co ;Cr;Cu;Mn;Ni;Pb;Rb ;Sb ;Sn ;Sr;Ti;V;Zn;NH4;Cl;NO3;SO4;TC
21.604650587739;56.6714587822842;56.4907574872544;101.084970837732;26.5135158004375;169.626176028061;0.056498935410532;1.53861821015306;1.10808978692491;0.175774055814304;0.064733595790747;1.95847680221904;3.95536166184382;1.66606538621751;1.92059390989012;9.42091477167113;0.218227135538697;1.28577543610409;2.154089414724;0.370453296148484;0.946927049155901;1.0700943325879;20.4431005927757;1660.99274345239;456.834412139175;5321.64815389566;1546.61002283584;6361.90709976859
19.1755069019442;52.4648923477405;40.2589564889619;91.4854921872;43.0411616558511;332.992579452003;0.010433304350238;1.17381189017713;0.77285874288025;0.196658475820479;0.049152974590464;0.957150651450252;3.16495622366799;1.07791161285938;1.98117127968009;7.8279184791785;0.160012381310682;0.735497058035598;2.68691140477126;0.340526766351801;0.0029498305;1.35008604967751;16.267949277289;1822.4188778357;880.296369714276;4183.05487074923;2614.93192991255;5834.39163691985
11.0300610143235;41.1005555692163;34.8209479280123;66.8075960227715;44.7278367427665;335.93652387789;0.001390541966656;0.712528629904623;0.660830287732401;0.053300048747102;0.013823954913665;0.363127426323307;1.78589111967247;0.148442322755161;0.698821659151138;7.9771050054055;0.087902799022447;0.723409754910646;0.360476081462997;0.374498592243964;0.0029498305;0.36802439970157;17.2687750626098;2211.77454189438;834.274298765118;5592.92172997472;2568.76503483372;2906.98064766391
21.4555892490938;85.3418694136072;104.246952971184;120.177479406887;69.7925277162011;480.404491078398;0.042924644721724;1.05412285474777;0.898673234970981;0.185530497518847;0.068974511158157;1.51591457555532;2.9416834333837;7.54852707147147;2.71229766788652;13.8562071783857;0.266589145311795;0.701713696422633;0.829910538498076;0.563765161291309;0.0029498305;2.24490756335637;62.186671379368;2557.58727225785;988.481970830059;4955.01123764764;3510.19033675309;3788.92739855602
27.1946634571496;37.0197488457006;88.2438014677423;166.918587365029;31.3476709604182;272.215164457219;0.03780355930451;0.72257345422707;1.40071373550609;0.357393658936879;0.067200066749324;1.58566303654502;3.22147484508644;3.09430510054031;2.2515915179528;18.9584806267748;0.454907222980732;0.722090476620321;1.43113203149357;0.406797558012276;2.14021749327437;1.66134960767676;39.9707489591928;2554.74576087353;451.037239338682;8370.05161154063;2086.06295482209;4821.26152579708
23.1586849797566;41.4385921531551;56.1033310111617;160.958418190055;14.2628443982022;108.340505279588;0.030230980797395;1.02680046850175;0.802019634131004;0.27188261084491;0.041603458193499;1.08055944797131;2.25357156764597;2.45676296330533;1.6477314674511;10.0131815867003;0.41645061651692;0.676620814005547;1.42741465061893;0.284474670372836;1.6882185714039;0.886837144906125;24.2289083781031;2802.95069375768;383.179253261392;9941.87652665707;2872.50320140114;5609.40874442696
40.0899273596462;81.6980560391616;74.1574030756611;120.32839775955;13.0172765443391;83.7001482157999;0.024251295153911;0.79115667129657;1.11417524279108;0.171732676567075;0.044658379686057;1.91893975802808;2.00408216034671;1.63187694023339;1.51268332988196;7.99619870247247;0.307772769229991;0.427282293775918;1.13454151029173;0.325021739101995;0.480670493612328;0.487121158458836;23.2329656801914;4049.95452599738;328.326874879293;15861.6097501321;4556.4857342681;3295.7909635502
34.8622380866416;120.763437894728;195.784583038545;219.086715208662;14.3293231775207;80.6207730115047;0.02782468015076;0.89095320343958;1.69837644553778;0.35420086203811;0.059843668116198;3.84187024927968;30.9601398539475;4.19860457542511;2.90921237275181;16.2476524108863;0.434328244996472;0.631914938925267;1.31809953573648;0.389476820859399;1.00452599407667;0.730845071416787;93.8847559276092;171.66763743726;1732.60958641082;8978.58067478962;2324.40213722929;9708.36957982083
50.2886512113124;52.2822969401733;143.65485614324;128.186112333915;28.0218363952234;195.712418650693;0.03094503835165;1.42490723516144;0.812680419476835;0.16524604193694;0.160897616791614;1.20464637834648;2.84528156901071;21.4537551103083;8.01636930486714;7.77928243347378;0.350671726550182;0.542747948399704;0.595846664236688;0.276019245614793;2.63372185680896;4.94808966401357;20.4450827337849;2344.81433407909;639.477731305376;5921.61276664314;1802.33969647498;2949.61628969893
15.0545472510062;43.9785413653905;74.5467160737509;48.5427117657488;55.0818808815034;403.305376811179;0.001156689212008;0.705474130993835;0.557079679486787;0.005338292496636;0.022354390293283;1.01637025298355;0.891558469580627;11.530027558997;1.36915137093184;3.63475301179637;0.074726323612963;0.153601757545512;0.166387791387504;0.432322837997206;1.04212937417364;0.78066780798834;8.72193790154518;1113.87833131066;609.897055749572;913.190551804692;1575.52001995996;1418.15104812225
18.365116784757;80.9899785124768;62.1623651072671;75.2462847814867;116.249687017254;854.494641645786;0.004240714278506;0.78229458636399;0.828242164127286;0.039900863499676;0.134176429704436;0.872341251606919;1.3032321009625;7.46119795747067;2.544872841706;12.1546410439123;0.101632760569983;0.616564234216395;0.682828558710779;0.862401305367956;0.0029498305;2.39587316058203;16.6298455462509;1370.49946990623;994.724414878357;2492.55045542566;1255.66862138631;1313.90119652629
23.534080784598;98.0741255731865;217.430879972194;76.9256485682312;39.3322621475755;206.144708968787;0.079664977154843;0.609392854159927;0.940239833716965;0.138796047158463;0.097486449656832;0.782727327981588;2.09647072165996;9.32180170646524;3.22975879086216;10.0616592397695;0.554856160463421;0.65848519590293;0.693931529154728;0.385187556741008;0.039366427145341;2.90858663381245;19.09349485305;1150.38924970744;422.191033343274;1837.45570165088;1949.94603933156;2040.63411019865
14.9984784891643;71.4700434258311;103.328287087408;60.4499474512394;71.1418304372015;498.898233946369;0.021553115790635;1.01467460411284;0.47452789309601;0.146162534524364;0.162409886844331;0.544764524899964;0.764490695005147;34.0086837883828;4.65950194260171;5.97199469428956;0.227263733184202;0.217519139973542;0.203920752837763;0.506761293509194;0.0029498305;3.13462092449344;8.37786623973966;1228.37245565695;656.901119546219;1190.1865618002;1702.04253365848;984.872790117064
13.7066105172562;42.0452200866002;33.7781447992095;33.4517208878927;64.8686316348448;496.511426629265;0.011082772018686;0.434166214549622;0.290165511722771;0.008262383;0.036524904631442;0.581146058697079;0.668635703496024;4.57551542333421;1.90653921978225;2.02687217380442;0.050316860807378;0.091645170865611;0.176869948338976;0.409167846823903;0.141088959319914;1.16561053074482;5.457042853997;799.139654165318;679.893954463846;581.434001251269;1086.82539230314;863.036516098804
9.71954526722033;46.9891233115572;61.2417336507346;47.750658828954;18.3484127452369;113.844785195548;0.051488551231161;0.395936786766478;0.733650500306359;0.079427171991738;0.029819784170127;0.584871893388561;1.2272968879063;2.16598567511208;1.58034648734674;8.26101522637554;0.266205755373051;0.177881924445309;0.252776978395776;0.176945268774324;0.0029498305;0.588298920813294;39.7758621086849;1071.2576906508;392.664502943813;971.720737479699;869.852568317251;2199.21926463173
20.4503337833661;80.8375446987691;211.356691418987;156.394405624018;24.4990065317581;139.843061096142;0.326163331839485;0.877959641381525;0.861992116665721;0.394587117717482;0.076348429069104;0.492358940161703;3.0905867881623;14.2465564965464;4.14251548669609;19.5526955974378;1.23833607729008;0.524950828304444;0.899309179736124;0.277890664229925;0.451483651956285;2.11841047388065;26.9087019934487;1379.95603397099;553.887380686715;2032.87703249931;1399.18553829879;5423.04500110126
57.1293499894033;19.5432049720507;58.68654292128;169.475188183986;8.19136160815281;59.6247233213131;0.100435105254743;1.37150587739552;1.3893427367198;0.166972208730515;0.103089499412516;0.834124411952767;1.83687950638912;1.2224297817778;4.39177452607398;15.8713804475047;0.290559263773038;1.04577611433324;1.6399964977147;0.47660741425739;0.421895679190124;2.19809242262001;19.778478549235;3299.82152377561;572.171268668794;10304.353194425;3714.18812199909;2721.17829576505
15.2173585739449;17.5116137606866;25.8407634268391;118.610568779979;11.2118900564711;90.5910088646454;0.006655882497364;1.09854224314168;0.758197465831494;0.144094055790589;0.027926630822192;0.59550944807371;1.76465970525693;0.38402938512667;1.2876748179581;7.62355992311801;0.212953634284578;0.847072936898837;2.0288819318799;0.143825408050015;0.0029498305;0.543575656864906;13.8755943386259;2458.42677131751;608.498470759956;7756.17070991727;2474.65834634096;5049.39127505929
12.6772861496818;35.3618600133509;26.7460354420404;202.031284996492;5.23093389077854;66.1281204571573;0.025135769357376;1.72155265901391;0.91379325656002;0.277843899311135;0.056259045393367;0.821088445401426;5.00118738364121;0.980544015775797;1.47065215064242;27.8852971470974;0.382625439408298;1.46067518992905;2.9112635308103;0.288181540924226;0.262976041259505;1.01482935860144;33.4803352127925;2903.27012810122;642.685688196681;9387.73814533258;2900.21179576176;8404.75881158864
14.0357481399765;22.5989988362358;77.4873823776294;276.314731864452;4.74981423428766;54.6256104419772;0.0730565570756;1.67891027400214;1.2022826024901;0.465331532164483;0.053236721008914;1.38156820758018;3.88878757454997;4.25723987438945;1.87013870200992;53.474396542469;0.783608527739423;1.28336503143277;2.01121645233773;0.217117964105636;0.653196766304674;1.27279484189911;82.9969734171169;3650.36175272573;622.15371640655;14844.7040172084;3399.11951875634;9506.40165931204
30.7430873176559;33.5933934915496;50.3789825346559;169.898028351372;4.35062249831571;21.0748117384601;0.029947480287829;0.760778036729157;0.809102899721508;0.359794077923808;0.051269068922522;0.650254100083891;2.3049964291334;1.95096749770201;1.77236192840797;12.5722629983943;0.465611403981567;0.460380372287828;1.21369851942504;0.21091197770114;0.12901259450967;1.45536722535189;36.0194777364404;3371.62437963201;284.885501025922;20206.2604814191;3452.87654140306;6430.45230834904
22.5391646898553;24.301990917618;74.3908876090285;210.270862090689;3.5727554713206;55.9228533462984;0.044543646056174;1.13504984262981;0.920263886055936;0.480523907110585;0.048067120156218;0.64399690961476;2.29086856856283;2.11332124443857;1.52817682234751;22.7592323033355;0.519822148595714;0.593372863905357;1.02159598827526;0.139021104533071;0.471573807362979;1.33668552496041;39.1117962563084;4705.47989067337;725.688284961894;18132.5639496546;7803.27206500297;7469.8258727659
31.6803182243511;73.059842508938;249.237841995236;170.19196647283;165.09829866845;114.505370755481;0.069514595674569;1.37408523520419;1.19557232406776;0.184602414670867;0.070762021620122;27.4632035518697;5.53091843092844;14.6298292114704;4.59799713601239;19.9402544607396;0.47924014551203;0.696783370593035;1.26562100747275;0.331698994416699;2.4343988989818;0.746516751330605;134.091523576784;2647.81942824626;184.964195344318;3487.95535379413;2515.08148963488;5224.21664836639
35.0262998279492;91.1019032763616;168.344276352883;126.668036021061;96.5621498279362;109.072068084058;0.049985183575195;0.942716577846808;0.689864137149022;0.214517602214065;0.0516320330989;3.05524731820135;4.54435691564731;8.78404561793499;1.53221037361925;19.7344855850423;0.33606173975791;0.381832839369908;1.16765145122986;0.384682748895311;0.634540576258389;0.634027411850955;187.38986694347;2471.82836052077;217.177493135204;6642.26710800114;3453.32432211102;3535.00382055192
38.6721854111837;177.415430567375;146.452294686734;152.548165149767;97.2410304729064;74.7262546039517;0.05152457925111;1.46530276099815;0.783881710664512;5.62084518091139;0.057516392533719;4.83795056679178;4.59773410370104;21.5527908073964;1.47558750412979;26.9859812301673;0.423449594352967;0.912932757951137;1.12199381659435;0.52030830756358;1.72018049908304;0.909098331782222;110.662236974957;1903.7463216522;319.289313207964;5012.86530619584;3003.05669012233;7328.75736446019
28.5119870939285;39.3716542618137;72.3792338751745;186.681732401653;6.92949209909482;55.9456019319429;0.052112135122676;1.42060458423786;0.811670469290179;0.343657463061647;0.062192027765704;0.977286653114195;3.71947777903379;3.59318677499717;2.43575135449423;17.2302584577773;0.618795050131128;1.0075449431956;1.10840455880467;0.288674690816754;2.6105341083954;2.52671804354278;48.1189421815152;2709.29222867678;353.94398453251;7235.84359166879;4323.91596661551;8091.4853045661
40.7422591126477;67.3025882232035;172.454423670251;335.00989739942;10.4056566911921;103.363248658627;0.136006950371176;2.37375808937766;1.39130052401916;0.608117933451975;0.069482287917431;1.60963867726782;4.67742115011706;7.62810662381792;2.28600262869548;52.1912285133637;0.958880197816215;1.46343734350841;1.43306705818124;0.408658557929516;4.92683018571191;1.83867453100344;93.2329829482906;3704.20829671942;821.005356242552;11325.7378086638;5272.02509533309;11122.7715671102
28.7523190431267;54.9337849244074;244.511335446637;292.478824321839;49.1550525622152;127.438470848815;0.20562834954274;2.78801629255194;1.14985571582818;0.790001950049671;0.139846651744863;3.54281040166759;9.19781126695571;20.4598934584211;3.54376208595538;43.0971099740331;1.04832859792784;3.40239042076103;2.33225216970997;0.290702030156892;3.19999115826017;2.15349191206955;283.96583475641;3038.66339807381;787.245795316497;10225.098203718;6388.52433844248;16647.3880351431
17.5192497879931;25.5047604945572;195.237633705574;317.943852393844;4.64313602498694;69.5160605646719;0.066761815491045;2.41078879896832;1.04908468140123;0.597106311482939;0.149235866344989;1.94708663200657;5.34325848786532;11.0968300826977;12.9435922507068;118.545435681847;0.799551772262698;1.34243290656916;5.43078693868968;0.161259036294628;2.29498109502748;2.55858448643706;64.6709429045555;3801.00909237188;752.919939827671;15751.4910734802;5129.95492805242;15144.1009582474
11.6383020524743;16.8049949414733;33.049354386843;186.776920712011;3.11612980576402;46.564122801101;0.080588608355469;1.97271576042908;0.673310618055624;0.212473271902484;0.124560119547714;1.17591621295812;1.76093161196494;1.53248136808952;1.95093195836481;11.6721851936961;0.357403638771627;0.851899030974345;7.29679590169217;0.127151396830258;0.0029498305;0.823810886063326;24.3671296527776;2888.43017313978;259.401257922224;9321.09087577849;2380.56857034729;5764.96711402733
38.2855262255505;15.380864383185;24.086137857337;134.279445163808;5.82118720341749;64.5513801754371;0.009408492626659;1.43325749069223;0.384650742685842;0.121480340078075;0.039230648886497;0.317516055395961;0.789179182364366;0.125962359527302;1.04339786479076;8.04879735952802;0.248680070876278;0.37094257857109;4.4972935569054;0.080883621139292;0.0029498305;0.288914858172051;13.3734559944449;1778.4402964546;438.320215797951;4892.87759384362;1900.01651886468;4131.46758955831
19.2156101832728;18.3547786358507;29.7892948980188;53.8879667451281;12.5520172232225;81.4806815264869;0.05248341053285;1.14660878990708;0.51771063548776;0.024046328820937;0.109994116288593;0.912430753661995;0.71075784903784;0.891096558768292;13.513222057995;4.0669908969251;0.136058034724162;0.317760780389269;0.22226608763374;0.223293050259615;0.0029498305;2.9718999703239;6.12827965405508;1219.26344553251;187.621472502837;1599.24998607899;1175.87111344382;1845.27140677354
14.7935404215196;23.1667751882247;84.0493430583625;84.3715424005449;18.337404333793;129.028422475718;0.033289320412815;0.861536889418977;0.921974134516558;0.116048150102457;0.120271437473566;0.700639151220481;0.808951585652358;1.21265199754948;7.26534280696971;5.07110332111671;0.230708414477872;0.627197734009003;0.409434680761077;0.231425008567178;1.91698417684935;3.38752004929198;8.94110253449572;1927.0844563788;417.641656975743;3107.1122712119;3142.69161575631;1862.22734282451
13.5636214176797;16.7408492448315;120.784474706231;129.688577632915;5.08610251985125;53.2378951631857;0.027931366675306;1.44643900604305;2.1832086919558;0.139540901168663;0.192444411194394;1.00065061011286;3.44515061058168;2.02450108957802;10.0084812137482;7.89256302374047;0.296877459981389;0.9310652347869;3.1526531043292;0.144095297729005;3.31459229684557;4.67325688014358;17.6371539567501;2695.99187690981;505.164991551723;8014.98553409993;2715.20925695537;6663.40491064267
15.699687984692;54.150900351203;104.646622463253;158.779546213903;8.46412923841432;58.0233090588872;0.100438715259671;1.69463145957438;2.69496354426352;0.252846972488698;0.070339019753038;1.1767198935094;6.1762750706262;4.63467871119684;2.20044632119558;26.3622319603261;0.472848770436445;1.04909012916074;2.85139125653383;0.283893112840458;1.87397416342084;1.95500156086612;79.7251531521731;2405.11499399076;561.774032323348;8284.0710076479;3038.42800099462;8013.9006246983
21.2222386074268;80.2135098096985;203.305165383985;95.6644129687374;38.7362070011743;263.094542214714;0.168219518032938;1.45151193265242;0.969516439867352;0.217057483934133;0.136533232323709;1.47447011476972;2.463040814833;7.81902464099827;3.97014327092019;19.6411366265041;0.906689581401365;0.733603445995111;0.583307379717246;0.368282635414682;0.287656004286535;3.93859750526351;20.6037425215023;1362.42702874772;579.275665450172;3166.4312202158;1797.85505297106;3612.00305088659
17.8773958789595;131.563574147816;291.43404218421;183.187415923417;28.6594875353538;156.505215357907;0.35604261753105;0.598476415424956;0.802947332266922;0.529202676483376;0.110796236574332;0.955304293305604;2.74038376364286;31.8330326150285;4.17057976844092;19.9279857402037;2.99603620104831;0.296822063047596;0.362730738645389;0.333509852348061;0.288929403149993;4.17316956239482;93.9896859678306;1693.37446936705;698.656992329615;3198.52811398193;2223.9083229582;3223.19673435059
7.10592175687385;50.0595116198272;64.2016921830333;34.2749864910591;17.1070622422137;123.158012068781;0.055177682704291;0.370595135011797;0.479686784537346;0.066036507328443;0.057951864882958;0.567288071855397;1.17120054047529;2.71466787065279;2.90999335484539;5.97972742911797;0.233429684847157;0.753331553338579;0.506838685689076;0.172160607685543;0.234028537782743;2.85360105500471;11.1089483694114;1793.29600287048;317.08693846433;3335.2645744172;2241.89999516996;4850.49911957291
8.90917668705581;60.4990215087794;19.7153406950591;69.9080805386151;140.804115088255;1119.14839997136;0.007972733212481;0.878223597754397;0.437306533425517;0.063635056434376;0.072713080646248;0.791135065554925;0.718087074464903;1.01099553528127;2.95913057640729;4.79325730405481;0.083488103685561;0.494478268185069;0.340695966576371;0.924277087546459;1.02128056979951;2.70592347292025;4.04568113008243;1295.19219912413;1358.7511622445;2233.26610680996;974.581639024665;1676.08231717292
4.85607005926888;51.1958429988475;10.961671289027;77.6889087925324;142.090271608994;1177.38834933534;0.000124962173122;0.485943840134611;0.298305258168339;0.018913231750248;0.04521519420356;0.707757081932311;0.465793232725009;0.118749366614533;2.58300494141499;2.59710148758635;0.097267971518703;0.058454632091185;0.075515072305871;0.851287682279432;0.0029498305;1.88422339314107;3.75821327481994;703.443212224754;1420.48558198488;713.723187133241;618.185773642631;1481.06340295105
10.6282397199695;24.4395458284054;19.3222901629938;51.5827975631849;20.2314320899154;160.723402911084;0.008134482126948;0.13629201772974;0.516607515323611;0.085327467862731;0.036210736711284;0.780001466139744;0.980781063984675;0.648991354902111;1.49006325276775;2.4043910862311;0.148021155391017;0.136715069252386;0.311360233937599;0.192206534983714;0.218673605994604;0.625481862185555;4.73074855194883;808.851793477643;200.051354629202;2052.24034912407;496.280974354824;3379.66304871624
24.0794790387757;88.0865135462305;196.672781143822;99.752345686765;30.6776303291958;265.486460545037;0.099738778598065;1.00492864844133;1.06094671055844;0.201193243441185;0.269333256396634;4.62444373690069;2.94433310631192;44.9513224727582;5.53355347333474;13.865083746258;0.532381770449219;1.35236337977862;0.79629045932044;0.359055419430603;9.75053160077002;4.17275060456895;42.6165318891707;1084.72519984653;543.69321222847;1933.5653919633;876.223484212373;5051.22267388748
10.8215316465128;95.1182401821231;31.0715904425284;54.6197163833092;55.2472395932145;406.716436090185;0.025652629163491;0.0042292865;0.431237637687969;0.107127465309323;0.056491854232957;0.695134782258788;0.781270220014958;3.03011159491129;1.71374023776208;5.6221436692607;0.203668075799861;1.84052146305992;0.321941287996224;0.475522415280519;0.0029498305;1.17761963977866;48.8446902907356;808.872086255464;469.657732340958;1307.28729191044;618.646757796141;3015.15046620507
45.8273510862503;141.933811091235;131.387194605164;135.276689465773;68.3170461911647;236.946453197743;0.046050619791596;0.546434575834311;1.467393223644;0.280178458087152;0.180365697743524;1.97932560470181;3.21805062239765;8.53424557196041;3.0960386782982;12.7615652859379;0.48491021684835;4.37826573477057;1.12858242099472;0.58858225269627;6.85074952022276;1.79697668587838;120.610424457832;1042.49766662884;569.98517246812;2030.29515284806;928.759280274346;8132.1077448604
12.6265384541796;39.5907164695058;168.343296566;106.34015027364;40.2392840660599;286.505787904642;0.05164956067745;0.581803066518157;0.576669326197312;0.225889384078968;0.185434762309643;0.842348519439711;1.4077425138284;12.2374538196218;4.66553143592525;10.5767439155211;0.46165935378794;0.544942058802855;0.472004373765141;0.294204528309732;0.150650348624953;3.69972788157996;60.3584158635107;1092.49721977373;599.120329604541;1979.37401252676;1278.27132533946;3955.98868292181
2.52297546679623;38.7453399476758;21.3561107744392;29.1572960418739;38.3824297397071;319.833057525676;0.013360315353154;0.0042292865;0.736065319736157;0.030129772157696;0.069503768187831;0.292366838747214;0.461514585439367;1.20102415285782;1.95711157637244;2.64461387953579;0.082546826380587;0.599642620874528;0.275107363649115;0.305823920599466;0.0029498305;2.10785641349348;5.23469014065734;617.119705645917;484.27254775407;567.376915158104;725.638850988405;3487.86297698091
18.8094094586739;47.535396084934;182.860622716954;53.7339629713407;15.9704547527383;129.923683444855;0.073274925601518;1.2029210062428;0.601995487103742;0.214191017402546;0.261975571000363;0.387454817720275;1.43665119672507;19.6591541587451;5.83203585708883;7.69594846305168;0.447865277246117;0.639868129554364;0.634729813978858;0.251633762729361;4.18892509640159;5.06571665663789;16.4947521248575;1117.86844598875;333.443819681908;2860.07599411274;1414.38849215102;2841.54513738311
18.344726673813;75.6182419776405;92.2991878201473;91.0618450675324;98.9766151626688;881.924801639478;0.024712082688399;0.78344926239428;0.555549035737513;0.233865419423146;0.295375494070771;0.290931675089936;1.24790260967151;12.2184435772683;4.88214029533616;6.57825722375472;0.467465705478953;0.830104294085383;0.371275318800672;0.612645704420151;3.61847066182697;4.21927287093023;45.9457581830204;447.379036697788;530.618073978483;330.957289705917;745.480239024884;2409.86478072066
12.9883893539194;80.0750002920899;66.4280582385201;57.1649784715791;82.9633008324048;663.378033258198;0.026976424956705;0.0042292865;0.563728970770302;0.057398829987605;0.0763818437787;0.227501659165319;0.682566977101347;4.34996962582321;1.8675498909392;4.00357377194729;0.389810672408498;0.518992762974143;0.263426293142542;0.621500240000537;0.0029498305;1.30819444296915;8.99107302807424;829.507066594549;777.00781309377;1064.08559931519;711.20568992373;1092.32927259526
14.5426768178631;64.4737885213938;192.986467899935;64.9785485490192;30.422482476559;223.221803577599;0.060152793959509;0.984933009494099;0.728630609489216;0.154249799910448;0.127175594463636;0.396012631927411;1.38093891605477;11.2936846612692;2.48171865540612;8.53487927386951;0.624076275369404;0.498584142191967;0.468051660011636;0.313927778012296;0.53148493462403;1.89964504236598;24.0678798991803;812.294911795932;312.201304598657;1260.2220572784;556.052865510438;3489.56365674264
24.1573924513062;30.688024194834;37.4231043543754;85.5941234331556;18.9646473636453;189.47288169242;0.037013022391031;0.745244503625938;0.775992568876178;0.124731149284212;0.108074088001132;0.437569636762133;1.23359294237776;3.69088385543096;3.05784893359705;7.17909903483274;0.191833967296481;0.966217246366576;3.09743871249543;0.302243008115082;1.72203528669855;1.87380522355513;13.516160509449;1340.12916169355;291.180938808895;4023.88771504876;988.208225311499;5210.22149209102
5.3177502753504;27.0663494238409;17.3449018049961;116.540612197834;18.5664635585795;165.610397732063;0.011069472224278;0.210050065574558;0.443441102959651;0.155700792665289;0.045853033326543;1.44590854776223;1.49287184400538;1.43781007338458;0.998356590888483;5.77414201137612;0.254165285147906;0.725405840244121;1.22377189439132;0.20554557416675;0.0029498305;0.374309300340895;10.9349056208399;1428.60316250782;316.945954332161;3385.46300947436;1360.57725543595;7543.51385441184
4.1210619226283;11.5359861628906;7.70591621848523;83.998876613842;4.4463616822256;50.9260590680755;0.010695227115342;0.153148958910068;0.527752234437006;0.099530220433717;0.048306521062544;0.339144217062366;0.439515922666885;0.318581675644651;1.02357696905542;4.4133045036083;0.222358961205756;0.464826457083028;0.945925033933098;0.193855573005479;0.0029498305;0.709800834433297;6.66160258509865;1475.10187244313;215.480120116896;4040.14911667975;1362.95390671031;8213.64496984798
5.10173747126103;17.2069692773988;11.9564544965278;95.5643732761122;14.3979512664075;138.452001673351;0.013229551092054;0.218565440291316;0.391063944373693;0.144669397306281;0.04930200238706;0.616500232261571;1.05467751535717;0.904042116112377;1.27202370730198;6.9374096639253;0.237560887657279;0.614309069263161;0.612104929103949;0.170438208277685;0.0029498305;1.01175708594807;14.06878346486;1585.74901200619;356.089842295681;4305.66685982156;1916.76186355456;6301.58832017748
12.6503499718198;29.0376929762187;50.3703733030219;132.3063143891;20.6614481795556;219.427064273859;0.031144445517136;0.639212706544988;1.15659427554934;0.215985131600232;0.125839419024061;2.0812298586768;1.51740173663414;3.87670882441777;3.0844172269083;10.1243460605606;0.482929965318695;0.690228899810789;5.54571276625402;0.428003937941121;0.0029498305;2.25224049248756;27.7030727662122;2512.19830025756;646.999646597111;8131.59040057788;2647.42760777729;3295.28042789919
14.8642380423683;30.6602151637328;66.1300961468355;224.603834862707;11.9559534565818;126.728738369676;0.057298092373145;0.782124199151023;0.938402659484983;0.404985111217765;0.111293846129163;0.843369040389481;4.16014268470287;2.97335833529365;1.68761564346377;18.3697754994623;0.56482678026396;1.79821289591907;1.5815852013713;0.333164608097026;1.09616382595034;1.09514124001881;50.8643077583583;3184.7183976457;988.334859871029;11995.2967182213;3469.64454667919;17546.6591899371
5.34413339486484;21.1965769329217;35.2110794146072;128.866042392694;4.29703329181694;63.1841427733412;0.02009679553591;0.305289476319854;0.442828712831712;0.175359208089368;0.078812246671251;0.500880493573889;2.84981904892157;1.32584671059324;1.32643017177335;9.93970132725831;0.323295439252516;1.123423447487;1.34240792036618;0.155035296391666;0.0029498305;0.433554325080195;21.5105207921238;2297.82120308308;219.729988141674;7258.91844076418;2525.91740210733;4790.44824577085
4.57648683597019;16.7490732955476;42.8450401064837;160.081338229955;2.58137186966062;52.304016549319;0.02738171512938;0.626240310901737;0.499581444643743;0.312788150064304;0.055371893308319;0.673070808496577;1.78739133737904;1.70817276463558;1.35273825189703;14.0015394926768;0.388689938644065;1.01817508454527;0.816013976687798;0.084025251637124;0.0029498305;0.585764982651553;46.9367246059429;1257.52890789943;361.22118513934;2164.13882441041;1941.69856114438;11633.5787507783
6.54400926061073;24.7610442792942;101.240676280384;216.778773992515;4.4154621743336;65.6403679218905;0.034320687423559;1.11996491915441;0.672539187663086;0.346703360322415;0.093698182531322;1.88294979309017;2.75538161369494;2.4319939036417;2.46849530825206;20.3761211192788;0.467160511351542;1.05710899899034;1.16633510808816;0.121290429500248;0.220208514449577;0.7977117977013;38.0139116663364;1650.4371704599;452.075369251884;4715.03163201918;2290.46621624051;11124.5546582138
8.62468486229821;22.9702511462532;30.1009741738653;72.7034881828713;12.2547126524474;117.980157629624;0.02196117291176;0.302746398603205;0.45093607710275;0.17105267235562;0.074968645196084;0.396043332943775;0.949580553593535;1.22853679497522;1.5885901241706;6.21407611557155;0.268838560287442;0.97895721380472;0.782397323018735;0.178890886448652;0.233693708490904;1.63303504175487;15.2087611198633;1936.37767824222;497.100625048229;5645.66009265321;3373.40540188196;5814.93830992461
2.73932335930105;27.3447114533593;5.37210642994384;38.8307165663801;48.8346206687275;406.284081472429;0.002108471601817;0.065526195327497;0.203599520690184;0.030874967106161;0.041238167004614;0.077431482889573;0.850957140110866;0.275071517784977;1.04286407498973;1.48329862600276;0.083413292379935;0.085175071118951;0.141221203131898;0.339108424322131;0.0029498305;1.0270410282017;4.06980080902829;861.99447759162;511.092926151739;752.045548881967;2089.81532330994;3157.6218685984
2.32863216058884;35.6232647075173;5.88104574376758;45.1576139719309;70.2516160998344;585.198163979682;0.00271228569544;0.026081297044362;0.137665205363582;0.028545967960597;0.029414064706242;0.133610934525621;0.19768390423823;0.279160333683313;0.744471120065953;1.12765184480222;0.086990362941334;0.163219927592414;0.114673489153808;0.442702702820163;0.0029498305;0.654304324467766;3.14011999160969;567.115023339547;776.061551334718;399.936555228877;1689.40490554583;3918.95347333824
6.31119979029342;62.7218903270868;9.11079234296196;70.4011656278226;128.544917702624;1105.32267706619;0.003447925942604;0.022875946517957;0.189090005075711;0.056543473461191;0.036468397250988;0.22436494401333;0.284253954124368;0.926777644818357;0.781287763311707;1.40967292494772;0.113924876810688;0.522881684832179;0.136568324123236;0.814116066448026;0.0029498305;0.497689219067072;5.04926201701967;688.332457356275;1423.79901547813;538.992771384972;1804.62432362554;1400.01671265032
8.66549978866641;51.2646055280765;12.201323508266;59.3477847260518;103.769610402926;857.330425514198;0.004289228151984;0.068584968367019;0.203815587913152;0.050081991700518;0.044803838697343;0.299479249165021;0.3585932785542;0.464661808079281;1.00426411676691;1.66822472430867;0.104003900085292;0.449529890216808;0.142274803941613;0.670454847833386;0.0029498305;0.792006048782216;4.11538316066403;841.701716798226;1257.3223691097;529.355728207113;1670.62018963687;2638.7830507145
16.5016882173895;50.0688356482099;15.0163426217301;61.8666202607393;99.4139787883233;800.305345560556;0.009689370315517;0.236572315745882;0.240236741928157;0.068431914113719;0.055569105177142;0.487961630875892;0.425228741090422;0.60869835080264;1.49176027518885;3.190407865381;0.139166663178238;0.363489302710089;0.153854665985774;0.668196421991084;0.0029498305;1.2657285164187;4.98644066293142;969.524999649614;1019.75679881565;807.523316168249;2028.87643000187;1562.24875236066
19.0701259529403;28.7648225670837;48.9929881795882;87.2052414420132;25.2104376444265;233.977334838403;0.053576756610979;0.852023331583298;0.60236018749647;0.232201055133233;0.10801434178303;0.56977007036065;0.822433740816835;9.20956943573811;2.419354856867;10.4860011675954;0.506151536611062;0.802205788599017;0.388614660342303;0.260671007484354;0.641040968651674;1.88390106474573;12.4435380510293;1427.82405543119;512.911379603554;2086.02421397601;2534.78607787262;5202.69124795899
9.78556526796843;20.2544023582412;142.506309659948;73.5979449430559;15.6375368416776;127.830112764477;0.074117572500379;0.943462478234413;0.965309400933911;0.43200400241344;0.112455937005356;0.487320570116212;0.788481663491405;8.81192623192194;2.03093423490914;8.51957670526135;0.392420439659342;0.627311174561824;0.729042490543252;0.371839500542175;0.0029498305;2.137083043994;8.86370378659906;1551.41121729704;421.666816841817;3997.28936798266;1766.87839153247;6070.67288140899
13.3079596405506;31.3494560920848;158.892290361951;135.462342124114;12.1832999093107;107.642572035148;0.113844160357889;1.17673155033019;0.722010613859319;0.934491673723212;0.134469177823526;0.44863149885773;1.22365288002514;15.8594499102743;2.98950411566316;16.2468102294169;0.966304913793132;0.523832173346154;1.58215352907945;0.264331641685781;0.0029498305;2.53116010125695;33.0451341929757;1874.25520882537;795.921131525481;5887.83769672133;2708.09352744808;7868.65632144034
7.51959001209865;19.3671925124166;14.9558428728444;83.7335837067818;6.45968884025906;68.419050868585;0.010519976314507;0.294453984232746;0.570702816313105;0.10304044472492;0.066267168295587;0.282809297507313;0.845702103633061;0.779058018378072;1.02939251627509;3.6399874670449;0.188851655019683;0.418386901232255;1.69469674549012;0.215606980806421;0.045592696472284;0.879630891870294;5.54465714734253;1918.41002578641;293.602493425283;5274.09801451433;1737.43913396608;8569.90720691372
5.97315061257703;19.5734010228658;17.775332598275;101.942273513223;5.95271018095125;81.0033425374112;0.011523454690428;0.19460163724511;0.562140637522008;0.09752398353252;0.057208823090035;0.308702591949734;1.44145911737663;0.438089880532792;0.727157270142772;4.96502549900039;0.22796678759167;0.693216493806869;0.707748355568415;0.182730625796212;0.423009881609636;0.432718014839016;8.50256812818355;1341.38819144016;303.901196837032;3803.32841925532;1925.46648157031;9164.81970714473
8.19954937491969;20.2866721331335;15.4205055519643;100.030613588986;4.05986110936999;51.8491396381977;0.010426338793511;0.164707742214732;0.495563882186456;0.08014582126267;0.0575878621932;0.347977171146211;0.862818795192721;0.537935413564374;0.667343489124197;4.57243382660693;0.269396185083463;0.671627338203173;1.21581568841446;0.223932758771005;0.719102790117222;0.53659153583208;8.48608513446846;1246.56349622361;99.8078637007796;4239.81140660345;1319.31991073954;6904.21020706027
6.50922407032975;16.2863314613851;24.4185339871226;199.095518245401;3.11393017059863;59.0485819333308;0.023111968402934;0.358903281817864;1.10788810178169;0.189441049954821;0.064762254461761;0.648593790724455;2.20845733118751;0.693152706314344;0.984971658528439;9.56103360500627;0.534137539047087;1.04802405820318;1.47653065461111;0.19077406431318;0.418514606246384;0.553723072411464;20.400845668205;1814.76384772453;306.570474280845;6121.77836056657;1862.74310057439;13133.1904156045
11.1796976701948;40.8581148350738;16.4686761098752;175.913067833898;3.95339594537117;61.3779438944777;0.027015559636579;0.605886315466544;0.648483948858079;0.36585463774827;0.092344084464042;0.320859808482863;2.62808592972174;0.495089830359264;0.937684119604671;9.17856278518272;0.447819576153683;1.32677196628311;2.4002344352137;0.291822406203605;1.19908766253306;0.525037272910767;16.8378608526012;1510.7654768121;261.117143329334;4367.87754918859;1709.88567737624;12417.632826834
7.30109948606334;16.4205608014745;41.3336963274496;286.918508950321;4.07774232028095;88.1105975267218;0.067596566055712;0.879358483645722;1.25488202994656;0.339080293738764;0.118863218061579;0.720976409852445;4.65079357830415;1.20273779636529;1.31077880684694;16.8811949336228;0.662362644268792;2.23012952891833;3.71070861905454;0.278807158466318;0.834682305443189;0.806584811972056;40.9076836423384;1926.7589821333;646.517748601925;5864.29946516969;92.3923644962012;14283.4061078959
5.06768198736865;15.9141817022677;28.0359977961956;182.673138996831;3.11469797634675;64.3131114810977;0.020502076196154;0.469476522352697;0.599134847555365;0.267207531789082;0.101118819647311;0.777867468625987;2.72835197395626;0.781927177801973;0.998865918372444;13.5750034904391;0.431337161873118;1.5352280561076;2.23989072346918;0.139891554748584;0.0029498305;0.556690498800263;25.0286312008274;4039.37451041461;765.73530673587;17992.9437034543;8408.92882033615;11200.5685936649
9.48240248320043;26.0541825311373;59.223865558875;131.382309586197;7.08572600430308;99.9886275873409;0.06157901875977;0.548232338115246;1.6003612222906;0.230898406718546;0.038735551791145;0.613067290160427;1.72998057201821;1.39314188585477;1.1995074179744;11.6334827966647;0.394418102018704;0.715712619266254;0.849611732769557;0.356737812214907;0.929337417283892;1.07559714628426;19.6252367931593;2330.31679302413;458.369302047757;11140.0312165103;5300.52013336839;9418.30098117758
21.7510668041762;45.4972027639205;212.168904639084;296.739101090117;13.799055539042;119.698446990812;0.08791607346301;1.47056901985671;5.00689625759602;0.543863470574202;0.17256526349672;1.56453564113423;4.25133259940539;14.3682593330701;41.5469802589112;15.6100057141288;0.877148993542712;15.0469257296379;3.34858879735255;1.49892329420791;1.45819019991953;2.16726367018502;40.6199356559629;2316.89660713947;636.148857124378;12503.331191749;3735.31607393419;17036.6621102029
9.0323745099449;35.4251837656866;27.2817285986473;98.9908519455641;31.1826389805236;257.688602169947;0.042985771254342;0.394893277749055;0.719395016110236;0.286846556883339;0.034190378899453;0.66069124381246;7.06674880306338;0.798752842343711;0.592785629626121;8.37143633532172;0.171348493166433;2.09618652902203;2.51643958107706;0.288595774405973;0.733456922342669;0.379915354000941;29.3387261155746;1117.85541043295;572.567244652019;4224.5644690354;1125.2149791427;8099.47501895951
50.0677221524005;54.2908479759348;48.4913645043176;134.945948408413;22.5155562871923;103.370495547963;0.010553386605435;0.317733316587455;0.775154399335621;0.179082021882847;0.0255972873163;0.39888271906473;1.75518554439479;0.828246310494203;0.57027671619702;4.8543283069823;0.26271835173342;0.758870712515511;1.69773047731958;0.433925727675932;3.15519922394337;0.486204336776415;11.4027665420877;1293.421829106;347.701396596419;4552.73567572295;1645.29263789199;8045.0293701793
22.3742144494663;29.8645350474556;23.4557269251974;70.2106574365043;10.632393143164;65.5222889491608;0.005354983470524;0.286021559186791;0.429000693987166;0.095289625923353;0.018261516123466;0.287030885347983;0.713893211816693;0.429206492783249;0.585561400755059;3.34985149390142;0.16185328318874;0.505205283915792;1.53859364072435;0.23647666294803;1.20506508870607;0.505023609548364;6.62195318249712;1228.55274710671;217.631899952869;4551.49507035393;1482.22733896845;3869.87240768777
38.2672867666152;45.4951114230056;36.5037429612991;72.1850788634218;19.2096634327095;101.736049613412;0.003110745813986;0.382945857300228;0.657542118016268;0.128123514100353;0.170198761198807;0.441198808140275;0.92395420788014;2.06644425641227;4.70132125381797;3.01911355152729;0.193280376905159;1.69570579183944;2.09176449714857;0.385182555933842;3.01023005970293;7.15692799824091;8.14244719244991;1397.34704544226;309.13216173106;4868.17451228145;2253.94576932885;4833.15121084286
11.0892131923188;38.603633637345;27.5688517968898;42.9652585093719;14.8626776917201;111.70594834333;0.006752740901964;0.304127534097045;0.407982708954097;0.070733432259495;0.179094522821081;0.355621181844968;0.830624889328789;1.90153595248365;4.52149755437979;4.95904041421506;0.131103884598644;0.564285530680501;0.373251600353943;0.214309763429795;3.80660734142086;6.14152418889165;4.86420253661301;2042.18478914562;740.875010930429;8590.54804414897;2576.15770514623;2709.79035368016
10.5182211605866;32.3327437221694;23.0373027209337;47.9339272032928;12.0780075793116;85.9135134561171;0.010412097105935;0.26523633042596;0.475971359438244;0.096777026559241;0.279453509005325;0.327988267910992;0.951687453868202;0.859724757562661;6.86583417467514;4.70806933179997;0.184524889906928;0.440461009332903;0.501804287693181;0.215092840187388;1.72234559199764;8.98890939680837;9.72765054356538;1881.94518010375;518.423298702535;8580.12382384465;2426.21520147988;5469.57279100219
21.1302344747966;61.3135841791178;130.981699687102;130.050950674141;107.808340839883;92.0457261776294;0.097732851361537;1.48379455090528;1.20999706210174;0.397144958744118;0.199282500524603;2.70271804150608;7.28922885437528;19.5895620043964;5.02077615412875;16.0152606699331;0.517827476499613;1.10410677152227;1.7566276696991;0.303210208814947;4.1577518157849;5.22767064290804;63.8362934305033;2692.60510978011;587.15256975221;14250.9896710963;3450.06643362489;7197.32750181265
42.4947460493247;41.9621492425189;49.7946105575842;152.124801063966;16.5709561291927;100.810929263245;0.022639204894838;0.775178890397389;0.589985093908488;0.354656909658578;0.073523389806575;0.471620326268797;1.46113679862718;1.78597544968853;1.51755732849376;8.87138769170613;0.4311316128532;1.17064633597838;0.80026466878843;0.309410686833666;3.73791905535141;1.92293161136639;21.4400274289584;3290.38999245648;462.390516706404;16585.2068111659;8890.55306060113;6491.89550230159
10.5860683535108;31.8014631268236;35.5401455973481;84.689979127431;11.1597574412146;86.7558785174389;0.016184140631134;0.895437225487053;0.448646616489733;0.212140561086008;0.091883284646158;0.410438005225327;1.04370933416252;1.69676055123804;2.15282273558069;6.03060132983354;0.256688939999981;0.818957738686753;0.485991088682676;0.164656810857766;1.44778379179308;2.48145849730626;13.2649204643764;2708.10060050686;414.422072000988;11565.8591289763;5412.21523638915;4332.76373040871
13.1349474753983;34.8238755809644;48.479918465042;67.2100653716439;8.08269117802248;70.4642019239873;0.007625796799009;0.578958074563717;0.536042396233509;0.104231981288942;0.088926654247636;0.388058519208269;1.16405426554631;1.18786967724739;3.88747886182785;10.4965173547306;0.188240022760682;0.702644177842577;0.708997792477637;0.146771206779927;1.4184399911738;3.32441021285792;10.4498208592211;2765.56115406726;497.828292943329;13099.849058084;5365.77573075571;5395.39521694592
23.9981101397657;37.3227499580528;26.8261705147923;51.3752666721393;23.9104088632147;189.662945736949;0.0003822125;0.26912885553233;0.480078177556737;0.10733563396358;0.067679728471019;0.548493097140195;0.892623953486286;1.27205854851539;2.03905339515334;4.26306155853697;0.157744455591391;0.652384821020643;0.424726937379236;0.247674528838698;1.60852227590088;2.75805214734241;9.17762227476152;1476.25261219252;545.784493227455;3961.27375765525;2613.92534184903;2940.04344068827
20.9896882286333;161.55174243057;25.4474245738392;112.776941430043;275.274071689467;2245.87615932605;0.000100835487674;0.0042292865;0.69788403662255;0.092007385487807;0.234312744646158;1.20048754126673;0.476978016576364;0.811938035776048;6.23610566365189;4.34306481710644;0.279754133411012;0.520999534059771;0.749681934304708;1.84954765701813;2.85553672649996;9.34482361736606;2.34528167908588;3371.22909148274;1641.19708669009;8758.96134050016;2859.8127515111;1490.35319503902
13.0818927633221;37.9895484508353;40.9918944745318;126.583828518278;15.3605523584957;152.908248701046;0.017763178976823;1.29920403452558;0.713974540646353;0.254952211790895;0.137113113195936;0.868321644742475;2.09000964330914;1.15019246574683;3.43095608149384;13.8126955906949;0.417899990327421;1.41139412457484;5.1848176343947;0.217519239302685;2.01690809313226;4.15483911382542;21.5040116144642;2689.89259086681;289.111549249746;18044.6592494705;1557.67538343611;8162.23291567578
14.7712507767506;39.4371450963585;47.884761704572;110.563796930113;11.6276506390026;107.580684575631;0.02849392653215;0.927222036777119;0.695042273269578;0.217786544915053;0.231214377562281;0.851421013324748;3.21158924298166;9.02868355781582;5.36086385260941;15.6490890205426;0.464853539024349;0.890874465091888;2.57231903212063;0.192009346237335;1.49263083208021;6.52076950725846;20.7711007475797;2873.35180989495;597.808860206743;21497.538600857;3960.91885497854;8043.08595690713
13.714953576364;51.0753765208653;209.990827968877;191.499069325976;9.75360693395435;104.507695759067;0.050316692112697;1.05535822765765;1.22560598498958;0.526939430305735;0.279791563030365;1.30817687562043;5.16060472449894;6.68675909508369;6.29286837660354;21.5699919868386;0.744828738935986;1.33461944590919;3.04184007832852;0.216045712784622;4.72549163172258;7.31249791639466;31.0418762280818;4068.02282563458;840.96823481583;30786.0289046013;5672.7103572119;12535.1914501445
26.1536266583975;42.6968148702037;50.2346460663877;90.4162636815784;8.45351690820903;83.138643387536;0.018978531744618;0.744782146113274;0.779884673436041;0.241368187195571;0.465981351449145;0.663135192883515;1.68506114531125;4.37825692053177;11.2543996899372;7.57109310718651;0.305409252336745;0.665172281344021;1.37882252821164;0.19994033692332;3.50754832869478;16.8257424439983;17.4655526166158;3415.87135062972;435.479068542817;22471.0484379132;4331.46892627815;6865.72166240572
35.5002078848624;79.4699469643255;180.041916127403;158.01819643324;21.0773745798409;92.3562266241786;0.050019710252877;1.63957861506771;1.15201887411144;0.439396073464288;0.489791278819974;1.4557702042987;3.47588581696171;12.3992422348748;10.7090219117407;18.6017284336732;0.571606021213909;1.22750785106697;1.90948066973737;0.338780689705538;4.31236394572659;15.1649083777793;121.458465448537;4452.03463748901;295.080621872059;41104.9202455307;4903.05285222635;10174.462027795
23.116079581242;65.7381572791964;56.1022286848058;57.4591528245226;9.96668262686644;75.0470013251933;0.014740182459649;0.510188782326495;1.08142449714989;0.129991105431434;0.580261532817418;0.648446889516309;1.28444000714791;4.84005977334704;15.9761146720381;5.59887399253477;0.198306964997192;0.765373869943122;0.532473964260011;0.299352526742114;1.61560364534871;23.0660136603999;26.3741648590143;2301.97538326319;283.666382532334;11375.4945282772;3145.28520295536;5592.2739471623
22.3007193272128;53.2519215789884;83.9438225209186;72.1053917283915;43.8922716408094;81.2211102569882;0.036932752730697;0.826078479446305;0.727918980492238;0.122693487847906;0.378413855049856;1.35745995954146;2.46981565752793;12.6946143400575;10.108590971416;8.23472853588613;0.291513693206128;0.837190758924104;1.41989047351286;0.241952738355364;9.52635567365463;14.6269111299112;60.9717716568635;2156.54373195352;342.55414015985;12559.1886213226;2655.45202310094;5178.24191314941
28.1111425830427;121.605426384482;302.139048767265;91.970910562215;305.410107415505;291.06771891788;0.150204304436348;1.32035708887818;1.01452175689144;0.320460016055075;0.172765640173845;4.34732069047343;9.85886224675892;59.7378739043134;3.47963833181742;38.8383332700672;0.405003098275233;0.882971880446775;2.18810280867548;0.436899160441532;2.17645117271978;4.02874971941624;508.614653639278;1415.71383314946;571.743437776337;7729.375118265;1443.02746633647;5213.86338419201
24.6089184843321;64.1528835027656;54.6156194728484;49.5178635258387;47.1920543221566;313.269858552304;0.03545457959329;0.272440497310952;0.667670601295696;0.131989518678678;0.290136127505342;0.849054751147853;1.37000471282641;4.50730505125687;6.6197014314449;4.48207691244195;0.204668644840092;0.473600556126531;0.982275949518703;0.395137824143547;2.34315811641908;9.63913607062029;34.1259811719375;1531.87185619049;666.583495423163;6685.62073748558;1343.89776301227;3488.86410971324
55.3526701594783;74.367518171133;110.100347013952;76.3521692032044;72.1048871831331;166.303773410666;0.069164047398948;1.46760140975894;1.09252939150698;0.481004564052716;0.433292130094085;1.60211438664375;4.72735536655127;19.5823943997167;10.47425026354;11.5162288447022;0.381033378109322;0.801885892942721;1.478868156754;0.328456257159034;2.46972266296165;13.8536713180448;234.420218509032;1641.88788403632;424.338389909305;6201.88679282146;1980.44947437268;6881.41938873911
20.9366985110057;46.2540533946153;74.0684277303183;61.2479199485809;25.7553119617594;81.4219840910566;0.028520016535807;0.40522145921472;0.848950651508538;0.192423447130595;0.326148605130108;1.04824783142496;2.12458975592004;6.75438065138714;8.06724973204195;6.52258503345808;0.251495999959548;0.572353723559216;1.2066710051849;0.204908800585046;2.75794252206091;11.1539146561464;34.1796488046792;2243.31060628022;309.202928934411;16393.6161434742;2170.19099610568;5962.90258281791
25.0136795290999;40.7929058757656;75.8505334090184;104.415150925386;25.0356261476851;81.7990569555899;0.047660268491779;1.15010496230195;0.83069093194784;0.255354299789965;0.19436762793474;1.21098440551912;2.72096680418712;12.0642301162377;4.31012851962182;14.9470928187165;0.378675077557044;2.37302006325171;1.31906714924486;0.19483874922633;3.12290037392486;5.84299881493087;177.561529829123;2989.70306206093;331.75514592375;22115.5177185672;2793.31117561114;5890.23281435695
17.673265435032;49.3023351544079;53.2047302563599;103.302452091457;23.0920508229279;127.282729290574;0.022590674923942;0.599453453036539;0.641489562626622;0.217571646101611;0.053094527673003;0.912887391955664;1.8008102796819;2.73330958968205;1.03478315045095;10.3574261852578;0.319190537969609;1.01994190251829;0.781237170927769;0.252740163712361;1.81673034547847;1.28559040697707;20.4744215016037;2352.74264356471;515.489191664706;12518.5959656571;2428.69530689832;5175.71384920858
25.8503245900409;54.2499367535904;67.1892536470073;111.464711689352;28.7125940752318;111.569325503186;0.053907178024599;1.03398999896116;0.841118148687066;0.361802089722237;0.081178894827612;0.897297038188857;2.18687100634663;7.62318180856212;0.664537696126255;14.8392507897366;0.433307940214863;0.86011822650664;0.687404343406931;0.211078796862797;1.6853855948036;0.506873578330396;43.5442956965287;2324.24660122886;408.882900334913;13917.2696544628;1765.31315941662;5842.77670116739
23.4150136038591;35.6189370757725;54.5445391799706;99.8546812175789;24.5951527331125;214.269102539954;0.035352286543979;0.599132590260024;0.903804511792201;0.428209516433986;0.152612014159375;1.05516636276528;1.4421252348199;2.34470075586431;3.58362784557959;13.4564186449431;0.53335633132185;0.773360856752988;1.15982711720651;0.32566635227156;2.33342698527574;4.96460136091361;30.2230255354548;3101.64802230194;643.673414946701;19154.8904939987;3199.42355373892;3521.0523497051
12.9271880107893;52.891095242297;29.1726257826223;57.8862657369205;30.9317822286416;235.713757161366;0.004170970782622;0.460870054851733;0.665403889322734;0.128790386688118;0.277117127670744;0.524598721815635;0.627718485677017;0.799782929296134;6.1425849381172;4.54024052477334;0.194054016987939;0.353007538847942;0.203013809632652;0.34937074927699;1.1118317105943;8.86216583222089;7.79518913819242;4061.38053920483;416.121434981651;23849.1567747367;2008.221925416;2008.43754349479
9.84927424928461;30.3861499418227;23.4897182903359;61.3443537541565;14.437507070833;109.879308107995;0.00570143945105;0.294397243132236;0.42274970381659;0.081161016931322;0.148126441560589;0.594043828849468;0.779115267536453;0.664077830540382;3.95219475131336;4.04616093034516;0.183024443706686;0.308941624197825;0.396917165093556;0.191153048415446;0.913993977567316;5.68486832332482;8.73024669170128;2713.55462976219;526.101465054472;11524.019478595;2924.26937327346;2748.12042533491
17.1059707935344;65.4304296143995;53.2573540704492;126.72213503166;9.16789460407607;81.2686748798467;0.02100464932691;0.695462137539949;1.18200454673309;0.171309615326473;0.180430936131172;0.715676866970855;2.35289446332369;2.09517999999811;4.37061396165873;13.6707893639971;0.347755141049325;0.966988212970394;0.834752975311863;0.258749270804466;1.60924878962286;5.37676827631267;28.7520938296733;3497.94994398626;330.909415622988;21729.0797920266;2992.01899293022;6721.25131749293
36.8910702792732;77.2703303551275;146.461973603035;119.268949146009;25.1480777127762;73.0779973396923;0.086104274487468;0.947219740522629;1.28656279398829;0.33751487563472;0.130081443229212;2.59222020749939;5.00479684338954;7.24772483294123;2.8044228433128;16.2663224290139;0.525068031955023;1.81707474875911;1.43259404183317;0.355679549800327;2.80276774675695;2.93591832258003;39.4325366466043;4209.43536996933;685.580780323226;31955.9292952897;3564.63361692084;6759.64271608211
27.1849280188819;51.2586996915356;74.2836100565053;87.2615943741716;8.99585695638914;62.6637544628571;0.046443479089192;0.567302806225104;0.880950348383069;0.199170849333927;0.088834913748082;0.78399722863544;2.33182364483093;10.0591133619293;2.07607166569624;7.14810583480419;0.241875439563575;1.29300378211649;1.62251463230275;0.207142174958889;1.19421407181587;2.19988687492223;16.1843527243763;2691.15305254727;374.778089805597;17494.2335329948;1951.93902379398;5496.94319516712
10.1140448530911;40.0682616975747;32.4259481273084;41.4926072878379;13.3906763445128;97.2385626554335;0.001658424050702;0.237879160435387;0.48233126575145;0.05349953804277;0.038693249237716;0.713946642102891;0.853796412851932;1.19657621272579;1.67063942231846;4.2515229770876;0.09485960227783;0.296787450616997;0.292575213186871;0.214917229900385;0.741411917616503;1.53192439124813;8.02265342315014;1235.58758520269;278.305178728455;3427.04430992472;1379.16462376231;2365.62006928586
6.96924815633054;24.2161637131893;33.1843242597275;23.6150910621131;25.3791976839609;198.725758398476;0.0003822125;0.12192897729492;0.228370937755346;0.024227422855571;0.034718758232675;0.361900462141187;0.519249333994259;0.522174054425425;1.52630800216353;0.826042476847945;0.06798893157267;0.082346574770585;0.553885045174437;0.201811449897709;0.14834045759012;2.05635109793798;1.73582966959669;1081.04080869353;397.929551951735;1782.88812977939;1823.50495467062;1237.88237974625
10.4840782554901;49.5745791939257;13.6835758960969;54.2870951285058;85.9649945430788;683.671761201321;0.0003822125;0.0042292865;0.302409849087409;0.026195274627144;0.060868660203552;0.351106949319733;0.50088645908313;0.428904141494864;2.32478166008466;0.750124920436906;0.094427095513949;0.081802432499617;0.099936603049216;0.578536569150822;0.551915933567016;4.67901204770095;2.41984776509979;1149.19033767828;988.126657815016;1876.61433922721;2868.26234370493;1246.97230559337
4.25169918581709;18.3562618335024;28.8460019087462;11.5378462981046;6.90345531924427;49.8380415827818;0.0003822125;0.0042292865;0.197512286810283;0.008524026088831;0.024064830553365;0.270942902696151;1.0479928494543;0.671946060386381;1.21669513047722;0.860268363596871;0.055062365778657;0.134660320785464;0.158823446438853;0.079211141524131;0.039652790586767;1.56015370485404;1.78977699102693;734.012597583386;241.49067647516;1473.7207815486;928.248702519366;2038.39987169908
20.2944714009147;32.7222592850593;35.793599912276;40.1590694166007;9.21383664039875;50.6252756028041;0.000609194404794;0.206799765938964;0.483772929817658;0.084392518187869;0.024791556849906;0.821216119001895;1.49631525243569;0.932019978895028;0.732654608530459;3.17924176136279;0.135538164734621;0.713278759184935;0.83850391815233;0.153064117025683;1.02077664886581;0.120658227639377;6.34055948119526;1408.07243164208;318.815300214706;4555.15003937193;1641.22584141448;3162.20438180951
6.7575115665114;23.9417111066704;17.1371824465104;44.4262947042349;5.19163871469037;35.3666280464015;0.01099793213283;0.309524062585782;0.326751039789883;0.080243498616178;0.018723234302854;0.581391052611716;2.17554886697856;0.757162735734051;0.196866464065356;3.44489970227737;0.113690197211936;0.95199078640421;0.907110161165853;0.099317006472052;0.246822104079349;0.470542715138512;9.08577647005498;1446.32867416331;286.258411598918;5505.10785400775;850.148357427864;2664.31773136117
19.0592359021809;43.5519259855442;37.0984099271674;66.5171782543457;28.174023787841;208.170934024712;0.006085778781539;0.309728782148839;0.476643338540049;0.075213286368429;0.06205505131374;0.473643111793742;1.21335804164187;0.908269637840444;2.09121860020744;3.95251476794515;0.152607139180181;0.433094216111705;0.546157512140752;0.32132774504368;0.604607614549343;3.83003062309513;9.17026498844851;664.301131490575;39.3489107398895;1138.91375690727;127.131878783374;3016.55654067033
64.2094746666881;58.504998533156;592.098120350916;311.721875149632;68.1721097041131;327.89891144753;0.202542093797672;2.16617372818343;1.30951043658203;1.94381042319277;0.375496311195913;1.85064900807903;3.62958223787543;82.7087714900443;8.97855010289013;36.7624819820015;2.12688068046181;1.11719399840027;1.49863320510401;0.502228691743053;8.81881219894769;11.6498960840547;148.260414084011;1225.72292070076;553.399938032031;3449.85458998835;1713.94691919379;3668.58847029055
23.6453252275341;74.9866717352989;141.791454212872;113.718585886926;35.6863147746509;292.717873818053;0.061590603773305;0.306241561555834;0.621900869701582;7.98023894958127;0.252465217573388;0.702091627234933;1.60240142450869;8.35251994617835;7.07146870385614;18.8018756296356;0.441911047758171;0.386017733092248;1.08986773624204;0.389191346624531;2.5962042985232;10.0388930260836;52.7058774626507;1309.62489851839;939.071286604621;3072.60688292255;2430.20309957671;2251.36617305635
28.7053978706985;40.0302347605265;26.5519062213427;40.5843949893538;27.3385466992385;234.621402569415;0.004200802405301;0.342823602370171;0.485521975779764;0.052140579533861;0.173038272383353;0.476053274769458;0.81389932450307;1.33867330944297;5.56750896249059;1.76360472377183;0.067497854940897;0.09691332778719;0.177352096489759;0.240801442082043;3.57917505919978;8.4200785147468;3.17674372979188;1909.03496145471;1318.11430543916;5376.3208685861;2919.24413406914;1771.50662469849
24.7830346707689;120.854686850046;47.5135346893502;42.4552792217018;57.7380258397248;395.371324043318;0.002378255806621;0.11572724816156;0.657009274340786;0.031371653954613;0.072158019682875;0.780087918975065;0.668799507904713;1.58681345687028;2.0223953617977;1.81521556278892;0.124620011557789;0.00042215;0.234148020724183;0.560638539035802;1.15987109564626;2.84443641357214;4.0110642446812;1089.26522162833;776.992542465254;1768.91550339273;1094.39257318772;1431.25077087588
19.2977503188325;41.0814902195675;39.6584720606194;42.762426197856;24.3168817800099;164.709854289877;0.005758442495825;0.230057700771388;0.4196646366111;0.023395154349202;0.047963441215512;0.534619827353563;1.35926151511255;1.40118461630022;1.02935695226234;1.52582166337555;0.151532995879732;0.790341933976;0.371138838074588;0.280249462064772;0.582025268180232;2.14370130781479;7.09547403166501;796.521046289874;375.864727423838;1964.95401505704;813.855359426388;2355.06729438128
14.068418762672;29.3585418969374;52.9126687154133;29.9893909220391;23.7670800551508;166.511166546698;0.001619791292358;0.151192606624079;0.342706496332675;0.022012999799216;0.029934618582071;0.424157981336922;0.925370332658617;0.908983199309324;1.51580623900155;1.4430431419934;0.112695280426505;0.149736205442519;0.218754122675461;0.212917984296156;0.401851947591738;1.56908478233598;2.3159720169935;689.65127054162;455.458539821966;1311.16900566312;821.450180698326;2379.17960283821
22.9241515044497;88.7226308546793;53.0337921833513;26.7195339384899;29.1902883626358;199.156322353255;0.002127976539072;0.072098632407931;0.494055999841962;0.012248339078286;0.071590935573584;0.513033446246473;0.775504852125875;1.51943008615047;2.23341554131414;1.14489949510414;0.127579332555405;0.137989643771406;0.283487508995513;0.318763501447623;0.928755501335171;3.22998319357988;3.20044354739756;715.569662266104;485.886106002584;1678.60861612494;1139.11657020719;2285.06622813448
112.150261888124;161.169269497974;438.136117939258;357.836807363739;30.5511586171853;145.54480386465;0.420735831757248;2.06755911466231;1.79680226177819;1.88783181873963;0.579993062351033;2.134402677911;5.72995176942286;54.9110060103959;16.4061146378965;34.5981057895341;4.86167906953242;0.83163279778044;1.08908452372489;0.857622753164657;15.2223134816436;19.2267180923844;26.7015567373783;2324.52724474964;1468.40281381569;9963.10421626872;3155.8081355186;5357.95549585286
17.3237682359365;48.2488578600452;57.6039255428011;53.1394494353145;20.3989034296818;101.52997038418;0.04818449400022;0.507339402887888;0.874011600095168;0.111038160225921;0.275172608859819;0.910052142116453;2.31888538524437;9.39834476498605;7.70193739944495;11.1907399799794;0.18352415726235;0.801730400026942;0.804100910416997;0.24834295008238;2.1100960382348;11.6121985947005;30.3925031799817;2374.7772677182;389.497232898365;11837.4079658103;1757.59417799687;4127.01470122977
14.5050767160458;45.0488417345991;129.425996725195;48.6919033609379;17.2453748340221;119.71633430934;0.034512906384812;0.790901907700912;0.835045496910727;0.244534199828857;0.232066510749212;0.94288286265833;2.1249827246521;10.7817788180858;5.47272720458737;9.1176047450873;0.306658809417682;1.25348715274116;0.819364569157013;0.268473758401844;5.49826820786816;8.58164990795116;13.4574323719227;2114.67496539574;337.415972625289;9839.83897218101;2021.49067980502;3171.58807211375
20.6954168441811;49.4245737445503;27.3879348219635;32.9846031685185;20.52228713717;148.046449130452;0.011023670720618;0.479754344074487;0.55771247545861;0.055595103981475;0.14581366896853;0.531942244872333;2.50873154937091;1.94074906080135;3.83606808759205;4.77670784316087;0.164914847763334;0.619516260522715;0.562595630476936;0.263468255142226;1.75463064536323;5.91790014535343;10.6107345527477;1692.16346607063;688.773032185154;6579.52995800151;1667.11372024194;3645.63288656043
33.5941390460033;65.2614244366507;66.3490234398157;44.9216487477455;41.9441204456077;231.11794733509;0.039371992021032;0.465532872431626;0.524874025764465;0.14776072269289;0.211365451913478;1.17241244659397;2.31207244989138;6.56750150374382;5.68804205096489;7.56249406229627;0.281865391774643;0.257536358751038;0.792953220744186;0.32683101334926;2.3806562911282;7.37443144339171;38.0974409905836;1486.61918777206;385.433241299729;5923.0198201152;1291.869749082;3053.78326207739
8.56899623754019;88.3615246215607;17.7532666276814;72.7349262113746;168.522080546735;1361.03746709772;0.010177228437072;0.11592517267336;0.454896203431852;0.039594875844785;0.11660748882909;0.631701175938244;0.591037963038297;1.62171760371882;3.04283113329175;2.00499403423404;0.139942228249955;0.000874724128558;0.195291926014659;1.1069528166915;0.0029498305;4.85833153292398;2.03023928175573;890.918025656149;1751.85852316839;1953.58128556345;1396.36618251354;1953.14214551009
24.521656343856;105.963618810288;282.980119061855;147.767865402684;230.74992453252;724.917433623725;0.149812600153749;1.42433968212259;0.653559641403477;0.450148639589762;0.113502803547565;9.87863147415076;5.56117911915868;54.5176969132506;1.70940211937615;37.5351312906177;0.782887284885915;0.898348316300647;2.32368116456398;0.708228555242938;0.881325434365288;2.3228079416016;624.803327682895;958.125528149173;979.030389403366;5394.00006298302;932.171068756003;3396.96420807605
43.2131064323627;201.037000140611;1542.44444451217;122.269744844596;68.3179894541605;329.083322430636;0.128533413773118;9.44967719827082;1.47387221395472;0.707355583654882;0.900614264669119;2.6030199457818;9.57286087407373;60.5035333437426;16.8547174591827;21.0168500262117;1.05214104731124;0.993095630973221;2.5382669685766;0.609548448485239;2.13000269307603;21.3804395693892;111.308075167455;1479.98847444804;453.713726383474;4956.42839123878;2573.30092145664;6549.05524638435
44.1984650965375;140.545792492092;172.126865890912;140.1195301119;49.4848796087328;295.627602121839;0.097507499676344;0.698912804435757;1.05274440071154;0.303711947269762;0.187328896000449;0.733079756878512;2.01083723798499;13.3641104650403;4.7138287951244;11.7027490742789;0.998576681858485;0.603241379221032;0.689506746060044;0.569091607058142;2.27396935667279;6.46081568449593;18.6139437024621;1847.92073137366;664.591018858671;5918.83885721532;2496.34288890553;3697.14292852929
43.5203500129744;83.0323249047033;38.5379828356016;52.7259790117868;50.0803288632807;438.793536946469;0.018913632147235;0.304814787722828;0.527069028599893;0.054374885977908;0.058967044152683;0.570344371402505;0.998073114019245;2.63411769090176;1.4483987075552;3.02671246579453;0.204265790375248;0.172049176420813;0.351422718665562;0.426783878504542;0.502609246541851;1.75968854571419;23.4313598275208;986.517111897461;936.276727917963;2271.62314824599;1025.88353509805;1266.26604899903
25.7112321907687;79.5847302057839;116.17565385064;100.573508003317;51.8823815507639;356.300964303978;0.092277290513425;1.91967743409802;0.793168202632936;1.27765667072627;0.170015102815843;1.31015918788465;1.6620590922262;44.3641127938878;2.93939116455754;16.6968693835418;0.751820576774439;0.3276618321673;0.557015400911121;0.467820654277839;1.35569986509598;5.19413198571489;23.0837472279389;1228.30941162895;733.004713320233;2139.22202075013;2655.02374157848;2530.44438658561
64.9892113492749;63.0945820928068;194.956567044307;123.461425304663;33.4338654356381;256.485694332124;0.02936449068118;1.02179258104171;0.963145494058315;0.784275981533953;0.207807674575589;1.13770270804175;3.55882430820238;11.5316878663222;5.81781652468948;8.97784232326547;0.481415537909493;2.0384587541706;0.820712021403071;0.335574580754961;2.01546087407834;7.84304539533255;14.5865198895722;1357.32915696737;825.841915691555;2985.19412108511;2401.18629169342;5374.53588767845
30.1153715137499;126.587765156175;163.923902319062;72.1989605649231;45.2541221056812;232.19061266665;0.055961643139763;0.751355807001128;0.626803300855324;0.772452716120287;0.094348267585307;0.983041361220515;1.62911493018856;23.2020182797333;2.17397289793237;7.29975022791636;0.476960001097736;0.240003533893908;0.517001481426328;0.42595318360693;2.08415021255629;2.3585662470984;22.9728992346547;847.321699604498;534.033735163601;1797.80719379327;1522.23647529354;3116.43972672724
17.9021552105893;40.8571394371296;116.498036376702;38.2470938417925;14.1100379436476;99.833621213868;0.029484990462699;0.641901370609062;0.451818330781369;0.202135704005088;0.09932013970831;0.497265308581186;1.37319285005256;7.82251827179035;2.30019093424317;3.64918125475049;0.231103469857149;0.30277558136906;0.510982389136475;0.168326973586095;0.533887209371179;3.0464707330324;22.6480913053296;1124.78977030023;292.843743845984;3566.03686789076;1154.22899317962;2989.45167882907
9.19510308898382;22.8788337767898;21.5613932886662;31.5638194498219;10.3184418631653;60.7269477155223;0.004530692340808;0.27361589375559;0.314344235001181;0.043747944456652;0.093132606812372;0.331855491351487;0.63824624802794;1.01189940767659;2.46088827657971;2.060717159909;0.109857681791039;0.112563381508012;0.159281192885214;0.124244627758733;0.306663581072824;3.91798636730334;4.70149575984421;1185.11116719718;275.832653548482;4260.05778624932;1257.45231446035;3327.14033284905
19.0583799324055;35.6564015417653;60.0393264445608;64.4605677985107;13.1802512857299;76.1585829661783;0.031952963801706;0.573029263828634;0.596252535988178;0.15305190920346;0.116577172168824;0.902752476951289;1.81415000251098;3.08614838928189;3.28358498066728;6.29332001405534;0.329094432608382;0.372654884007334;0.447863332907652;0.186875461216228;0.643598915389696;5.25521280858913;16.9914657415164;3127.58718820782;225.922589586905;20821.4327200978;2251.95128136793;4852.99724360054
40.039953775255;43.4087964339095;87.980325047156;84.171809478556;11.1300676223678;158.142290248826;0.112029667986052;1.10683790829139;0.942578902828283;0.391566013957197;0.322454325404703;1.05341689847916;2.65958385342462;2.92286004699863;7.66102426541074;13.4916685795458;0.5781047230983;0.963750757130812;0.798477418608058;0.230135173088426;1.67391802118516;10.8459724035652;17.154053635094;4523.45962809195;727.588333742457;37249.4836059743;5105.42958346551;5647.12930605929
30.7367292050537;42.9127086818279;160.718048109758;91.0955515616563;37.4732524619382;104.702543099185;0.107059981268693;1.63038555422103;0.894179883703028;0.373143606986245;0.281850798811187;2.31396516844727;4.73560404756081;14.2569747275905;7.18502441991399;14.4999510101666;0.514144792489407;1.38790408479811;1.24634497925352;0.211809196675634;1.22965750963825;10.3636430451751;88.543579730785;4588.21356020351;297.743631559093;49066.2925531544;5416.68893548765;7906.52703182174
19.9224632001079;39.2282913270667;99.0908640645991;78.1921522071422;10.4686690362032;68.2077311454045;0.089276774102369;0.789569290124038;1.27948175543641;0.502020528707871;0.320508686498981;0.91470469783027;2.07745075686153;6.3582797116805;8.35188204282459;9.24217154335878;0.714402165994523;0.55597217285286;0.91830916760995;0.208159911154014;1.06388356449088;12.5010085458279;22.699523648761;3240.08881256029;390.678377721326;17281.6341714745;4112.01339680227;4590.33213806927
24.2710965038702;57.1393669081449;67.6616451174959;66.1228887821299;26.9928717458241;75.616392921232;0.035554472824737;0.817104791586827;0.997764642224182;0.268102607564394;0.380899906965773;0.779072878212043;2.68667090436221;10.0258215504105;9.92866801703062;7.24875222704491;0.294402103002085;0.559897801653287;0.897033301651467;0.216917068172913;0.563797762692425;16.3761958078239;45.0934495939563;2815.91209032079;209.080787064013;18015.5801270933;2914.6973870559;7885.97397004564
10.9881532043831;28.522449565433;21.9721933582548;39.1716498730119;7.45190228203606;224.276167814926;0.021670221378467;0.394751105851186;0.509709132081397;0.119837603879751;0.241445262739457;0.520035834444335;0.729614382017955;0.830999812525307;6.60883703003477;4.65512923213391;0.152874618503108;0.577718158346771;0.617391753560582;0.16217677820124;0.395575104495651;10.2390288144971;6.03880488990178;2249.1358074465;264.687115252169;12423.9655019666;3036.20750156811;3915.7849436987
27.1194022585508;41.1780970840882;70.1184187238045;67.7334929391097;8.57646289923288;66.7937609611951;0.043681386987072;0.64550584201953;0.713822771179368;0.204949169150261;0.106968788564287;0.767266208704375;1.93920140102276;2.1576704133119;2.92364234923783;7.98727665771385;0.439756115411046;0.645614280458034;1.02199975445889;0.225775249446744;1.96143017829693;4.40947840309287;13.7612366588936;3303.81842364788;163.531601810328;26336.3702262436;3848.92159473065;5605.10928701932
41.5595232338272;57.1335932466408;58.8348092345566;67.0801228026962;15.8596166825857;66.0257448164317;0.035503044914601;0.703854369903032;0.968881644579389;0.131315942904774;0.109539134442842;0.853030346348817;2.69786239936666;2.06763665599149;2.35038111733714;5.36363171575967;0.261030351705891;0.411738847463493;1.05956554258293;0.323620343966878;2.87678893447524;3.50693561876077;16.4026494186909;1866.20175614388;223.290752384956;8370.00979904381;3418.99466153693;6080.18725148047
46.8677194528298;73.3714448086482;76.3919319845399;98.7070882924309;14.9714627308366;45.9758207894492;0.018547154861567;0.538234353403405;0.999973518321819;0.210032377698809;0.045792866910884;1.05538853651616;3.09716528951036;3.14567493383;0.519243628758821;10.0669763848893;0.309911706662359;1.36231280968578;1.37125726139912;0.387225025168936;2.91492880460407;0.546921017426341;37.1537736190731;1840.77640335306;302.607428957298;7574.22124612966;2324.69115717302;6683.82294933506
61.6340060294492;106.49714122421;96.9429735349481;93.354430526086;23.2252835896781;87.4997212311738;0.040336197075749;0.600748963110975;1.14765447516181;0.136927544069598;0.081495033293301;1.59054281067588;3.68211463367144;4.58132261137783;1.6496559111279;7.54382300307277;0.362225818085957;0.749048986817256;1.05463276881979;0.413406739778069;3.06865673692626;2.1065283343997;29.6993017009288;1475.47523532221;342.832474750791;5634.02048935908;2482.49148291971;5339.53084399389
46.2691133868949;81.5414055732167;128.490405046184;107.997916990388;18.1830552459322;75.4482336480067;0.0592098698442;0.856697755159653;1.41282847278277;0.215949395501054;0.122256471813881;1.2157737328687;3.72509296338629;4.47145400866522;2.90297458356607;16.8255108568866;0.493970423623741;1.27269888631637;1.57103646215757;0.398032805410621;3.69967910710267;4.15293462153941;44.0352336653427;3127.01344394305;283.538376602568;22133.2375649403;3119.27406454892;7801.70740971334
62.541031118055;101.130332709029;118.191319308944;96.6184280832428;22.4499390826523;89.5307183376555;0.089792982465774;1.08685645592795;1.66483106943899;0.375478692730894;0.162200196091065;1.8287833731074;4.48977865730841;6.0020617562338;3.67538178363701;11.0499026104786;0.45753431169723;1.07759779179707;1.45824148176977;0.502573534796397;4.30734407370528;5.26941801516329;49.1019931106458;3359.82085355345;387.595679158001;23464.4562183231;4060.83074781669;6793.8110119807
51.1910093081061;97.0196195490515;148.451722304418;140.545569377669;18.3402229775041;76.988690621607;0.055714356225753;0.971587901054915;2.34402666573435;0.277966427972299;0.068587615038592;1.46760687968568;4.24042315638964;4.72798638876484;1.63274213831144;30.2592480187612;0.657297807518884;1.40924608914363;1.58975963681534;0.467930979836179;4.55984063193801;1.07276416091285;56.3956111191218;3284.00525393925;402.253621670025;24085.6978996599;3853.44616093203;8295.80577567303
74.356110375065;121.320191338288;168.952036719002;131.365524256532;24.071458731777;113.739970286583;0.067785491372895;1.43621724956803;1.86254307734356;0.393165145314375;0.175901266194262;1.79007727893321;5.08622710694193;6.69548244100123;3.59898622242906;16.2688805427083;0.660282117204942;1.38609281459833;2.34314465568038;0.504724020673202;5.62615335374159;5.11627395852582;71.6111823331853;3339.92429544517;402.064727730702;22972.4404796298;4523.31667228008;8764.55186771487
40.1039179526967;83.0797197086074;84.8160897468061;137.984386301743;13.2840731668025;55.1762377794061;0.027181667149389;0.810217153597414;1.68111869899912;0.498715570747998;0.100877689757318;1.55691070336207;3.516109534146;3.82446799494484;0.872782394088165;21.6336666230611;0.383245238541014;4.74738899435212;1.46634255276222;0.409146362415516;2.95276002472296;0.911030409481273;42.1227862089626;2106.64430453039;312.393267362938;10543.0430326241;3593.31864863791;8337.49759908861
50.2318758503711;87.0511663686761;90.2901387644049;97.6649119554643;17.8809695553656;49.4936955552095;0.036732233012262;0.69540609857837;1.07904587041953;0.186215598469995;0.077216483080482;1.2613341051203;3.09392724746742;3.74653257169381;1.66449239689152;7.5937430544049;0.410886806196197;0.74431685020668;1.10939069140196;0.361457014708723;3.68733846563045;2.15240557317879;24.995945605237;2103.25395651934;448.36717914994;9775.44818517393;3372.1145378374;6733.42375950696
39.3157797217755;60.6505136611845;91.1207813432699;71.1540729576287;14.6961245071918;37.3103570039027;0.020504790186036;0.448672679973369;1.10297823708432;0.141142724743293;0.045458930769169;0.925085041236491;3.68896364180263;3.75507129685684;0.865400074579427;8.53659732683755;0.252645887942626;1.58939036337181;0.898553059306876;0.394996591508482;2.69444716508398;0.972278793909029;26.032369224439;1685.61834125314;246.788906653898;7059.09960513242;2330.39206092685;7779.45949289521
37.7579255249932;44.7397342202222;84.3158977790575;78.9505011133721;10.5183523041734;71.5353142024221;0.032323172277062;1.00981693248376;0.845816248590313;0.252794757746866;0.370542306516671;0.902244784639331;2.10241085134971;3.02702410327114;9.00937271354005;8.06566984415109;0.391516917190884;0.777398075110298;1.66125981203647;0.252940994094156;2.16335205759731;12.948481985255;21.2555996067568;2797.13091293648;294.178476637402;18677.7566480816;4275.47380716205;8495.92242023475
22.2359061299223;43.6510583669811;105.894899051782;82.8536996918043;8.35789909526075;57.4722816567525;0.045027145420132;1.02472521558698;0.73771890564183;0.30870061156896;0.378013311175928;0.966756127168867;2.3604157419514;5.64624221770009;10.08688628487;9.86877201350391;0.515842513364381;0.752675122094202;0.920590791518328;0.239886477286289;1.28844623473947;15.9606313440147;19.3049743771218;3268.65285162558;238.172605234568;23320.972960447;4479.01323263656;7488.75035671935
22.5490849914211;185.731034028961;23.4949577609559;127.461939345841;269.475480168603;2225.48507076148;0.016490868355468;0.0042292865;0.412693919760491;0.034418384784483;0.131973977335371;0.070241762194443;0.168805823542289;0.448578723641016;2.86358351266927;1.7936709541953;0.156373424914779;0.220090946894661;0.13691400017789;1.87216160806209;0.029725461323596;4.58336201159642;3.56432950168246;1249.45334565429;47.8687863676495;2708.85538323219;2576.86712787001;804.859338206702
14.7421451468951;88.5176196633624;15.816298906117;59.2108163897235;121.324706472069;987.344847020476;0.005519973842953;0.051413644837129;0.270777356833726;0.016480595396237;0.045573617805296;0.156316659788768;0.210153939328846;0.471594191273229;0.727514344102034;1.00998043400045;0.074824421023328;0.00042215;0.101103515909155;0.865368184756013;0.373440655249549;0.877228986004168;1.96287502512417;1513.38241955252;1220.09474058961;795.248434871402;2656.02406083802;1206.22173193356
27.2831025408715;86.6707661230795;24.0027770718126;112.405519160885;129.885210249616;1041.67808351646;0.012177138690656;0.207559366304517;0.453330935612329;0.079933926425941;0.122610518129838;0.179573503734231;0.300167218512046;0.909116257215821;2.44857244557193;2.67358749586855;0.205739168425531;0.385740336939658;0.26313269568316;0.941524646081345;0.0029498305;3.80196132871701;11.8461473190467;4817.26463175111;1656.96556678403;3618.94947775748;7129.23807889545;1346.76886242878
22.2600297995564;45.5846541754887;44.8108889235582;88.7574347249242;20.5905622696093;160.754665415955;0.023560929589194;0.606933487771161;0.655714277172524;0.208167576790579;0.398680777662627;0.367590583547522;0.874260528508483;1.24619587122256;6.86489513485421;5.68373526204525;0.297418328496891;0.709605733486266;0.816494315049047;0.318042478188223;0.700700284222939;11.074113487039;13.6960410827213;8030.19635215422;640.023923845791;18737.0420292487;4902.26179054536;3164.36426354763
34.9715755745536;73.5526534920445;79.5789433285369;127.727809489203;24.7928760185045;148.813617335129;0.04212337051968;0.769655607667708;0.765935328091473;0.29359132700006;0.11555112549447;0.434150768200743;1.41722779716026;2.77784282210845;1.68699302339177;8.23295499357693;0.648395788569091;0.665009860606823;1.4922526872149;0.369220072848461;2.04427047322173;2.32907828333122;23.9787201422211;5797.8555696339;386.717837881468;11437.4978856282;5105.63965413723;4337.8956660494
36.2403597768108;68.0022154980331;126.448147460845;144.782821953025;151.976863161726;121.299724104172;0.11627796864893;0.757504462013808;0.772579386846216;0.366613172565817;0.062699683677027;1.69860488184493;2.68953850035806;9.56865694783947;0.872054241777035;21.089438630659;0.667061820956766;0.57540160540598;1.468360994059;0.338667796190393;1.15288527034663;0.785205074360598;261.123655574242;3922.22299715277;215.75217647367;6351.11239160466;5105.43429657576;4246.29790656553
46.727415457524;101.832349910902;82.8742102934569;114.525350993735;62.5079553077515;239.170135199318;0.032620667768702;0.49620640180417;0.738306682896998;0.272661636486111;0.092327335353742;0.575750991594185;1.14361670516911;6.56489782288395;1.4306172738781;7.44022260201743;0.376014342112639;0.547287071298397;1.03492106696679;0.498604559386108;2.15298287998368;2.29291195018442;103.289050313079;3531.76825012922;400.785499234799;5760.5929197111;3820.00282534066;3878.63125419882
